<?xml version="1.0" encoding="UTF-8"?>
<project-private xmlns="http://www.netbeans.org/ns/project-private/1">
    <editor-bookmarks xmlns="http://www.netbeans.org/ns/editor-bookmarks/2" lastBookmarkId="0"/>
    <open-files xmlns="http://www.netbeans.org/ns/projectui-open-files/2">
        <group>
            <file>file:/D:/vuong/Documents/ECE/ing3/Java/Projet2019/ProjetJava/src/controleur/test.java</file>
            <file>file:/D:/vuong/Documents/ECE/ing3/Java/Projet2019/ProjetJava/src/controleur/SSHTunnel.java</file>
            <file>file:/D:/vuong/Documents/ECE/ing3/Java/Projet2019/ProjetJava/src/controleur/DAO.java</file>
            <file>file:/D:/vuong/Documents/ECE/ing3/Java/Projet2019/ProjetJava/src/vue/TableauData.java</file>
            <file>file:/D:/vuong/Documents/ECE/ing3/Java/Projet2019/ProjetJava/src/controleur/DAOFactory.java</file>
            <file>file:/D:/vuong/Documents/ECE/ing3/Java/Projet2019/ProjetJava/src/vue/Fenetre.java</file>
        </group>
    </open-files>
</project-private>
