<?xml version="1.0" encoding="UTF-8"?>
<project-private xmlns="http://www.netbeans.org/ns/project-private/1">
    <editor-bookmarks xmlns="http://www.netbeans.org/ns/editor-bookmarks/2" lastBookmarkId="0"/>
    <open-files xmlns="http://www.netbeans.org/ns/projectui-open-files/2">
        <group>
            <file>file:/C:/wamp64/www/ProjetJava/JavaProjet/ProjetJavaJimmy/ProjetJava/src/modele/Trimestre.java</file>
            <file>file:/C:/wamp64/www/ProjetJava/JavaProjet/ProjetJavaJimmy/ProjetJava/src/controleur/test.java</file>
            <file>file:/C:/wamp64/www/ProjetJava/JavaProjet/ProjetJavaJimmy/ProjetJava/src/controleur/TrimestreDAO.java</file>
            <file>file:/C:/wamp64/www/ProjetJava/JavaProjet/ProjetJavaJimmy/ProjetJava/src/controleur/EleveDAO.java</file>
            <file>file:/C:/wamp64/www/ProjetJava/JavaProjet/ProjetJavaJimmy/ProjetJava/src/controleur/ProfDAO.java</file>
            <file>file:/C:/wamp64/www/ProjetJava/JavaProjet/ProjetJavaJimmy/ProjetJava/src/controleur/BulletinDAO.java</file>
        </group>
    </open-files>
</project-private>
